{
  "summary" : "Semaine 2 - Exercices",
  "title" : "semaine_2",
  "programming_language" : "Python 3.6",
  "language" : "en",
  "course_type" : "PyCharm",
  "items" : [
    {
      "title" : "variables",
      "task_list" : [
        {
          "name" : "definition",
          "files" : {
            "task.py" : {
              "name" : "task.py",
              "placeholders" : [
                {
                  "offset" : 635,
                  "length" : 9,
                  "possible_answer" : "new value",
                  "placeholder_text" : "new value"
                }
              ],
              "is_visible" : true,
              "text" : "\"\"\" definition de variables\ndonnées: l'année d'entrée year1 et year2\nrésultat: affiche les valeurs de variables et une message de bienvenue\n\"\"\"\n\n### déclaration et initilisation de variables\nyear1: int = 2019\nyear2: int = 2020\ngreetings: str = \"greetings\"\n\n### sequence d'opérations\nprint(\"year 1 = \" + str(year1))     # Nous expliquerons l'expression str(year1) plus tard dans le cours\n                                    # Pour l'instant, elle est utilisée pour convertir la variable \"year1\"\n                                    # en chaîne de caractères\nprint(\"year 2 = \" + str(year2))\nprint(\"greetings = \" + greetings)\n\ngreetings = new value\nprint(greetings + \" l'année \" + str(year1) + \"-\" + str(year2))\n"
            },
            "tests.py" : {
              "name" : "tests.py",
              "placeholders" : [ ],
              "is_visible" : false,
              "text" : "from test_helper import run_common_tests, failed, passed, import_task_file, get_answer_placeholders\n\n\ndef test_task_window():\n    window = get_answer_placeholders()[0]\n    if \"new value\" == window:\n      failed(\"You should redefine the variable 'greetings'\")\n    else:\n      passed()\n\ndef test_value():\n    file = import_task_file()\n\n    if file.greetings == \"greetings\":\n        failed(\"You should assign a different value to the variable\")\n    else:\n        passed()\n\nif __name__ == '__main__':\n    test_task_window()\n    run_common_tests(\"You should redefine the variable 'greetings'\")\n    test_value()"
            }
          },
          "description_text" : "<html>\nLes variables sont utilisées pour stocker des valeurs afin que nous puissions nous y référer plus tard.\n\n<p>Une variable est comme une étiquette, et vous utilisez le symbole '=',\n  connu comme l'opérateur d'affectation, pour affecter une valeur à une variable.</p>\n\n<p>Une affectation peut être chaînée, par exemple year1 = year2 = 2019.</p>\n\n<p><b>Objectif</b>: modifier la valeur stockée dans la variable greetings.</p>\n<div class=\"hint\">\n  Modifier la valeur de la variable <code>greetings</code>.\n</div>\n</html>",
          "description_format" : "HTML",
          "feedback_link" : {
            "link_type" : "STEPIK"
          },
          "task_type" : "edu"
        },
        {
          "name" : "types",
          "files" : {
            "task.py" : {
              "name" : "task.py",
              "placeholders" : [
                {
                  "offset" : 350,
                  "length" : 13,
                  "possible_answer" : "type de note1",
                  "placeholder_text" : "type de note1"
                },
                {
                  "offset" : 402,
                  "length" : 13,
                  "possible_answer" : "type de note2",
                  "placeholder_text" : "type de note2"
                }
              ],
              "is_visible" : true,
              "text" : "\"\"\" types de variables\ndonnées: l'année et deux notes\nrésultat: affiche les types de variables\n\"\"\"\n\n### déclaration et initilisation de variables\nyear: int = 2019\nnote1: float = 5.0\nnote2 = 3.0\n\n### sequence d'opérations\nprint(\"type de la varialbe year :\", type(year))     # affiche le type de la variable \"year\"\nprint(\"type de la varialbe note1 :\", type de note1)\nprint(\"type de la varialbe note2 :\", type de note2)\n"
            },
            "tests.py" : {
              "name" : "tests.py",
              "placeholders" : [ ],
              "is_visible" : false,
              "text" : "from test_helper import run_common_tests, get_answer_placeholders, passed, failed\n\n\ndef test_type_used():\n    window = get_answer_placeholders()[0]\n    if \"type\" in window and \"note1\" in window:\n        passed()\n    else:\n        failed(\"Use the type() function\")\n\ndef test_type_used2():\n    window = get_answer_placeholders()[1]\n    if \"type\" in window and \"note2\" in window:\n        passed()\n    else:\n        failed(\"Use the type() function\")\n\nif __name__ == '__main__':\n    run_common_tests()\n    test_type_used()\n    test_type_used2()"
            }
          },
          "description_text" : "<html>\nEn Python, il existe deux principaux types de nombres : les nombres entiers (<code>int</code>)\net les nombres flottants (<code>float</code>).\n\n<p>La différence la plus importante entre eux est qu'un <code>float</code> est un nombre qui a un point décimal,\n  et un <code>int</code> est un nombre sans point décimal.\n\n<p><b>Objectif</b>: déterminer les types des variables <code>note1</code> et <code>note2</code>.</p>\n\n<div class=\"hint\">\n  Utiliser la fonction <code>type()</code>.\n</div>\n</html>",
          "description_format" : "HTML",
          "feedback_link" : {
            "link_type" : "STEPIK"
          },
          "task_type" : "edu"
        },
        {
          "name" : "undefined",
          "files" : {
            "task.py" : {
              "name" : "task.py",
              "placeholders" : [
                {
                  "offset" : 258,
                  "length" : 7,
                  "possible_answer" : "new var",
                  "placeholder_text" : "new var"
                }
              ],
              "is_visible" : true,
              "text" : "\"\"\" variable non définie\ndonnées: var1 -> une variable initialisée\nrésultat: essaye d'afficher une autre variable\n\"\"\"\n\n### déclaration et initilisation de variables\nvar1: int = 1\n\n### sequence d'opérations\n\nprint(\"var1 :\", var1)\nprint(\"nouvelle variable :\", new var)\n"
            },
            "tests.py" : {
              "name" : "tests.py",
              "placeholders" : [ ],
              "is_visible" : false,
              "text" : "from test_helper import test_is_not_empty, test_answer_placeholders_text_deleted, passed, failed, import_task_file\n\n\ndef test_is_identifier():\n    try:\n        import_task_file()\n    except NameError:\n        passed()\n        return\n    except SyntaxError:\n        failed(\"Used invalid identifier\")\n        return\n    failed(\"Use undefined variable\")\n\n\nif __name__ == '__main__':\n    error_text = \"You should type undefined variable here\"\n\n    test_is_not_empty()\n    test_answer_placeholders_text_deleted(error_text)\n    test_is_identifier()\n"
            }
          },
          "description_text" : "<html>\nLes noms de variables ne peuvent contenir que des lettres, des chiffres et/ou le caractère de\nsoulignement (<code>_</code>) et ne peuvent pas commencer par un chiffre.\n\n<p><b>Objectif</b>: vérifier ce qui se passe si vous utilisez une variable qui n'est pas encore définie.\n  Essayer d'imprimer un nom indéfini.</p>\n\n<div class=\"hint\">\n  Tapez ici le nom d'une variable non définie.\n  <p>Notez que les noms de variables doivent commencer par une lettre ou <code>_</code> et peuvent contenir des lettres, des <code>_</code> et/ou des chiffres.\n</div>\n</html>",
          "description_format" : "HTML",
          "feedback_link" : {
            "link_type" : "STEPIK"
          },
          "task_type" : "edu"
        },
        {
          "name" : "type_cast",
          "files" : {
            "task.py" : {
              "name" : "task.py",
              "placeholders" : [
                {
                  "offset" : 424,
                  "length" : 31,
                  "possible_answer" : "convert float_number to integer",
                  "placeholder_text" : "convert float_number to integer"
                }
              ],
              "is_visible" : true,
              "text" : "\"\"\" conversion de type\ndonnées: les variables number et float_number\nrésultat: convertir la valeur de la variable float_number en entier\n\"\"\"\n\n### déclaration et initilisation de variables\nnumber: int = 9\nfloat_number: float = 9.0\n\n### sequence d'opérations\n\nprint(\"type de number :\", type(number))   # print type of variable \"number\"\n\nprint(\"valeur de float_number :\", float_number)\nprint(\"valeur entier de float_number :\", convert float_number to integer)\n"
            },
            "tests.py" : {
              "name" : "tests.py",
              "placeholders" : [ ],
              "is_visible" : false,
              "text" : "from test_helper import run_common_tests, get_answer_placeholders, passed, failed\n\n\ndef test_window():\n    window = get_answer_placeholders()[0]\n    if \"int\" in window and \"float_number\" in window:\n        passed()\n    else:\n        failed(\"Use the int() function\")\n\nif __name__ == '__main__':\n    run_common_tests()\n    test_window()"
            }
          },
          "description_text" : "<html>\nPlusieurs fonctions intégrées dans les langages de programmation vous permettent de\nconvertir un type de données en un autre.\n<p>Ces fonctions retournent un nouvel objet représentant la valeur convertie.</p>\n\n<ul><code>int(x)</code> convertit <code>x</code> en entier.</ul>\n<ul><code>float(x)</code> convertit <code>x</code> en nombre à virgule flottante.</ul>\n<ul><code>str(x)</code> convertit l'objet <code>x</code> en une représentation en chaîne de caractères.</ul>\n\n\n<b>Objectif</b>: convertir <code>float_number</code> en entier.\n<div class=\"hint\">\n  Utilisez la fonction <code>int()</code>.\n</div>\n</html>",
          "description_format" : "HTML",
          "feedback_link" : {
            "link_type" : "STEPIK"
          },
          "task_type" : "edu"
        }
      ],
      "type" : "lesson"
    },
    {
      "title" : "operations",
      "task_list" : [
        {
          "name" : "arithmetic",
          "files" : {
            "task.py" : {
              "name" : "task.py",
              "placeholders" : [
                {
                  "offset" : 252,
                  "length" : 25,
                  "possible_answer" : "diviser 'number' par deux",
                  "placeholder_text" : "diviser 'number' par deux"
                },
                {
                  "offset" : 292,
                  "length" : 17,
                  "possible_answer" : "calculer le reste",
                  "placeholder_text" : "calculer le reste"
                }
              ],
              "is_visible" : true,
              "text" : "\"\"\" opérations arithmetique\ndonnées: number -> int\nrésultat: affiche le résultat de la division par 2 et le reste de la division (modulo)\n\"\"\"\n\n### déclaration et initilisation de variables\nnumber: float = 9\n\n### sequence d'opérations\nresultat: float = diviser 'number' par deux\n\nreste: int = calculer le reste\n\nprint(\"resultat = \" + str(resultat))\nprint(\"reste = \" + str(reste))\n"
            },
            "tests.py" : {
              "name" : "tests.py",
              "placeholders" : [ ],
              "is_visible" : false,
              "text" : "from test_helper import run_common_tests, passed, failed, import_task_file, get_answer_placeholders\n\n\ndef test_division():\n    file = import_task_file()\n    if file.resultat == 4.5:\n        passed()\n    else:\n        failed(\"Wrong result\")\n\n\ndef test_remainder():\n    file = import_task_file()\n    if file.reste == 1.0:\n        passed()\n    else:\n        failed(\"Wrong remainder\")\n\n\ndef test_windows():\n    windows = get_answer_placeholders()\n    if not \"/\" in windows[0]:\n        failed(\"Use / operator\")\n        return\n    if not \"%\" in windows[1]:\n        failed(\"Use % operator\")\n        return\n    if \"number\" in windows[0] and \"number\" in windows[1]:\n        passed()\n    else:\n        failed(\"Use the value stored in the variable \\\"number\\\"\")\n\n\nif __name__ == '__main__':\n    run_common_tests(\"Use / and % operators\")\n    test_windows()\n    test_division()\n    test_remainder()"
            }
          },
          "description_text" : "<html>\nComme pour tout autre langage de programmation, les opérateurs d'addition (<code>+</code>),\nde soustraction (<code>-</code>), de multiplication (<code>*</code>) et de division (<code>/</code>)\npeuvent être utilisés avec les nombres.\n\n<p>De plus, Python a les opérateurs (<code>**</code>) pour calculer la puissance\n  et (<code>%</code>) pour calculer le modulo (c.-t.-d., le reste entier de la division).</p>\n\n<p><b>Objectif</b>: diviser la valeur stockée dans la variable <code>number</code> par 2,\n  puis calculer le reste.</p>\n<div class=\"hint\">\n  Utilisez l'opérateur /.\n</div>\n<div class=\"hint\">\n  Utilisez l'opérateur %.\n</div>\n</html>",
          "description_format" : "HTML",
          "feedback_link" : {
            "link_type" : "STEPIK"
          },
          "task_type" : "edu"
        },
        {
          "name" : "assignment",
          "files" : {
            "task.py" : {
              "name" : "task.py",
              "placeholders" : [
                {
                  "offset" : 307,
                  "length" : 8,
                  "possible_answer" : "operator",
                  "placeholder_text" : "operator"
                }
              ],
              "is_visible" : true,
              "text" : "\"\"\" affectation augmentée\ndonnées: number -> float\nrésultat: affiche la valeur de number après 2 opérations d'affections\n\"\"\"\n\n### déclaration et initilisation de variables\nnumber: float = 9.0\n\n### sequence d'opérations\n\nprint(\"number = \" + str(number))\n\nnumber -= 2\nprint(\"number = \" + str(number))\n\nnumber operator 5\n\nprint(\"number = \" + str(number))\n"
            },
            "tests.py" : {
              "name" : "tests.py",
              "placeholders" : [ ],
              "is_visible" : false,
              "text" : "from test_helper import run_common_tests, passed, failed, import_task_file, get_answer_placeholders\n\n\ndef test_value():\n    file = import_task_file()\n    if file.number == 12.0:\n        passed()\n    else:\n        failed(\"Use += operator\")\n\n\ndef test_window():\n    window = get_answer_placeholders()[0]\n    if \"+=\" in window:\n        passed()\n    else:\n        failed(\"Use += operator\")\n\n\nif __name__ == '__main__':\n    run_common_tests(\"You should modify the file\")\n    test_value()\n    test_window()"
            }
          },
          "description_text" : "<html>\nL'affectation augmentée est une instruction unique combinant une opération binaire et\nune instruction d'affectation telle que <code>+=</code>, <code>-=</code>, etc.\n\n<p><b>Objectif:</b> utiliser une affectation augmentée pour ajouter 5 à la variable <code>number</code>\n  et la mettre à jour.</p>\n<div class=\"hint\">\n  Utiliser l'opérateur <code>+=</code>.\n</div>\n</html>",
          "description_format" : "HTML",
          "feedback_link" : {
            "link_type" : "STEPIK"
          },
          "task_type" : "edu"
        },
        {
          "name" : "boolean",
          "files" : {
            "task.py" : {
              "name" : "task.py",
              "placeholders" : [
                {
                  "offset" : 242,
                  "length" : 18,
                  "possible_answer" : "var1 operator var2",
                  "placeholder_text" : "var1 operator var2"
                }
              ],
              "is_visible" : true,
              "text" : "\"\"\" opérations booléennes\ndonnées: deux entiers\nrésultat: affiche True s'ils sont égaux ou False dans le cas contraire\n\"\"\"\n\n### déclaration et initilisation de variables\nvar1: int = 2\nvar2: int = 3\n\n### séquence d'opérations\nis_equal: bool = var1 operator var2\n\nprint(\"var1 egal a var2 :\", is_equal)\n"
            },
            "tests.py" : {
              "name" : "tests.py",
              "placeholders" : [ ],
              "is_visible" : false,
              "text" : "from test_helper import run_common_tests, failed, passed, import_task_file, get_answer_placeholders\n\n\ndef test_value():\n    file = import_task_file()\n    if not file.is_equal:\n        passed()\n    else:\n        failed(\"Use == operator\")\n\n\ndef test_window():\n    window = get_answer_placeholders()[0]\n    if \"==\" in window:\n        passed()\n    else:\n        failed(\"Use == operator\")\n\n\n\nif __name__ == '__main__':\n    run_common_tests(\"You should modify the file\")\n\n    test_value()\n    test_window()"
            }
          },
          "description_text" : "<html>\nLe booléen est un type de valeur qui ne peut être que Vrai (<code>True</code>) ou Faux (<code>False</code>).\n\n<p>L'opérateur <code>==</code> (égalité) vérifie si les deux variables comparées sont égales.</p>\n\n<p><b>Objectif:</b> vérifier si la variable <code>var1</code> est égale à <code>var2</code>.</p>\n<div class=\"hint\">\n  Utiliser l'opérateur <code>==</code>.\n</div>\n</html>",
          "description_format" : "HTML",
          "feedback_link" : {
            "link_type" : "STEPIK"
          },
          "task_type" : "edu"
        },
        {
          "name" : "comparison",
          "files" : {
            "task.py" : {
              "name" : "task.py",
              "placeholders" : [
                {
                  "offset" : 245,
                  "length" : 18,
                  "possible_answer" : "var1 operator var2",
                  "placeholder_text" : "var1 operator var2"
                }
              ],
              "is_visible" : true,
              "text" : "\"\"\" opérations booléennes\ndonnées: deux entiers\nrésultat: affiche True s'ils sont égaux ou False dans le cas contraire\n\"\"\"\n\n### déclaration et initilisation de variables\nvar1: int = 10\nvar2: int = 5\n\n### séquence d'opérations\nis_greater: bool = var1 operator var2\n\nprint(\"var1 plus grand que var2 :\", is_greater)\n"
            },
            "tests.py" : {
              "name" : "tests.py",
              "placeholders" : [ ],
              "is_visible" : false,
              "text" : "from test_helper import run_common_tests, passed, failed, import_task_file, get_answer_placeholders\n\n\ndef test_value():\n    file = import_task_file()\n    if file.is_greater:\n        passed()\n    else:\n        failed(\"Use > operator\")\n\n\ndef test_window():\n    window = get_answer_placeholders()[0]\n    if \">\" in window and \">=\" not in window:\n        passed()\n    else:\n        failed(\"Use > operator\")\n\nif __name__ == '__main__':\n    run_common_tests(\"You should modify the file\")\n    test_value()\n    test_window()"
            }
          },
          "description_text" : "<html>\nPython a de nombreux types d'opérateurs de comparaison dont\n<code>==</code>, <code><=</code>, <code>=></code>, <code><</code>, <code>></code>, etc.\n\n<p>Toutes les opérations de comparaison en Python ont la même priorité.</p>\n\n<p>Les comparaisons donnent des valeurs booléennes : <code>True</code> ou <code>False</code>.</p>\n\n<p>Les comparaisons peuvent être enchaînées arbitrairement.</p>\n\n<p><b>Objectif:</b> vérifiez si la valeur de la variable <code>var1</code> est strictement supérieure\n  à la valeur de la variable <code>var2</code>.</p>\n<div class=\"hint\">\n  Utiliser l'opérateur <code>></code>.\n</div>\n</html>",
          "description_format" : "HTML",
          "feedback_link" : {
            "link_type" : "STEPIK"
          },
          "task_type" : "edu"
        },
        {
          "name" : "algo_cercle",
          "files" : {
            "task.py" : {
              "name" : "task.py",
              "placeholders" : [
                {
                  "offset" : 264,
                  "length" : 14,
                  "possible_answer" : "valeur surface",
                  "placeholder_text" : "valeur surface"
                },
                {
                  "offset" : 300,
                  "length" : 16,
                  "possible_answer" : "valeur perimetre",
                  "placeholder_text" : "valeur perimetre"
                }
              ],
              "is_visible" : true,
              "text" : "\"\"\" calcul cercle\ndonnées: rayon\nrésultat: affiche la surface et le périmètre d'un cercle\n\"\"\"\n\n### déclaration et initilisation de variables\n\nsurface: float\nperimetre: float\n\n\n\n### séquence d'opérations\n### à coder ###\n\n\n\n\n\n\n\n\n\n### fin code ###\n\nprint(\"surface:\", valeur surface)\nprint(\"périmètre:\", valeur perimetre)\n"
            },
            "tests.py" : {
              "name" : "tests.py",
              "placeholders" : [ ],
              "is_visible" : false,
              "text" : "from test_helper import run_common_tests, passed, failed, import_task_file, get_answer_placeholders\n\n\ndef test_surface():\n    file = import_task_file()\n    PI = 3.1415927\n    if file.surface == PI*file.rayon**2:\n        passed()\n    else:\n        failed(\"Wrong result\")\n\n\ndef test_perimetre():\n    file = import_task_file()\n    PI = 3.1415927\n    if file.perimetre == 2*PI*file.rayon:\n        passed()\n    else:\n        failed(\"Wrong remainder\")\n\n\nif __name__ == '__main__':\n    run_common_tests(\"Use variable and operators\")\n    test_surface()\n    test_perimetre()"
            }
          },
          "description_text" : "<html>\nEn sachant qui la <code>surface</code> d'un cercle est donnée par l'équation\n<ul><code>surface = &pi; r<sup>2</sup></code></ul>\net que le <code>périmètre</code> est donné par l'équation\n<ul><code>perimetre = 2&pi; r</code></ul>\n\n ou <code>r</code> est le rayon du cercle et <code>&pi; = 3,1415927</code></ul>.\n\n<p><b>Objectif:</b> créer un algorithme pour calculer la surface et le perimetre d'un cercle de <code>rayon</code> 5.\n    Utilizer une variable de nom <code>rayon</code> pour stocker la valeur du rayon.\n<div class=\"hint\">\n  Hints can be added anywhere in task text: type \"hint\" and press Tab.\n</div>\n</html>",
          "description_format" : "HTML",
          "feedback_link" : {
            "link_type" : "STEPIK"
          },
          "task_type" : "edu"
        }
      ],
      "type" : "lesson"
    }
  ],
  "additional_files" : [
    {
      "name" : "test_helper.py",
      "placeholders" : [ ],
      "is_visible" : true,
      "text" : "import sys\n\n\ndef get_file_text(path):\n    \"\"\" Returns file text by path\"\"\"\n    file_io = open(path, \"r\")\n    text = file_io.read()\n    file_io.close()\n    return text\n\n\ndef get_file_output(encoding=\"utf-8\", path=sys.argv[-1], arg_string=\"\"):\n    \"\"\"\n    Returns answer file output\n    :param encoding: to decode output in python3\n    :param path: path of file to execute\n    :return: list of strings\n    \"\"\"\n    import subprocess\n\n    proc = subprocess.Popen([sys.executable, path], stdin=subprocess.PIPE, stdout=subprocess.PIPE,\n                            stderr=subprocess.STDOUT)\n    if arg_string:\n        for arg in arg_string.split(\"\\n\"):\n            proc.stdin.write(bytearray(str(arg) + \"\\n\", encoding))\n            proc.stdin.flush()\n\n    return list(map(lambda x: str(x.decode(encoding)), proc.communicate()[0].splitlines()))\n\n\ndef test_file_importable():\n    \"\"\" Tests there is no obvious syntax errors\"\"\"\n    path = sys.argv[-1]\n    if not path.endswith(\".py\"):\n        import os\n\n        parent = os.path.abspath(os.path.join(path, os.pardir))\n        python_files = [f for f in os.listdir(parent) if os.path.isfile(os.path.join(parent, f)) and f.endswith(\".py\")]\n        for python_file in python_files:\n            if python_file == \"tests.py\":\n                continue\n            check_importable_path(os.path.join(parent, python_file))\n        return\n    check_importable_path(path)\n\n\ndef check_importable_path(path):\n    \"\"\" Checks that file is importable.\n        Reports failure otherwise.\n    \"\"\"\n    saved_input = patch_input()\n    try:\n        import_file(path)\n    except:\n        failed(\"The file contains syntax errors\", test_file_importable.__name__)\n        return\n    finally:\n        revert_input(saved_input)\n\n    passed(test_file_importable.__name__)\n\n\ndef patch_input():\n    def mock_fun(_m=\"\"):\n        return \"mock\"\n\n    if sys.version_info[0] == 3:\n        import builtins\n        save_input = builtins.input\n        builtins.input = mock_fun\n        return save_input\n    elif sys.version_info[0] == 2:\n        import __builtin__\n        save_input = __builtin__.raw_input\n        __builtin__.raw_input = mock_fun\n        __builtin__.input = mock_fun\n        return save_input\n\n\ndef revert_input(saved_input):\n    if sys.version_info[0] == 3:\n        import builtins\n        builtins.input = saved_input\n    elif sys.version_info[0] == 2:\n        import __builtin__\n        __builtin__.raw_input = saved_input\n        __builtin__.input = saved_input\n\n\ndef import_file(path):\n    \"\"\" Returns imported file \"\"\"\n    if sys.version_info[0] == 2 or sys.version_info[1] < 3:\n        import imp\n\n        return imp.load_source(\"tmp\", path)\n    elif sys.version_info[0] == 3:\n        import importlib.machinery\n\n        return importlib.machinery.SourceFileLoader(\"tmp\", path).load_module(\"tmp\")\n\n\ndef import_task_file():\n    \"\"\" Returns imported file.\n        Imports file from which check action was run\n    \"\"\"\n    path = sys.argv[-1]\n    return import_file(path)\n\n\ndef test_is_not_empty():\n    \"\"\"\n        Checks that file is not empty\n    \"\"\"\n    path = sys.argv[-1]\n    file_text = get_file_text(path)\n\n    if len(file_text) > 0:\n        passed()\n    else:\n        failed(\"The file is empty. Please, reload the task and try again.\")\n\n\ndef test_text_equals(text, error_text):\n    \"\"\"\n        Checks that answer equals text.\n    \"\"\"\n    path = sys.argv[-1]\n    file_text = get_file_text(path)\n\n    if file_text.strip() == text:\n        passed()\n    else:\n        failed(error_text)\n\n\ndef test_answer_placeholders_text_deleted(error_text=\"Don't just delete task text\"):\n    \"\"\"\n        Checks that all answer placeholders are not empty\n    \"\"\"\n    windows = get_answer_placeholders()\n\n    for window in windows:\n        if len(window) == 0:\n            failed(error_text)\n            return\n    passed()\n\n\ndef set_congratulation_message(message):\n    \"\"\" Overrides default 'Congratulations!' message \"\"\"\n    print(\"#educational_plugin CONGRATS_MESSAGE \" + message)\n\n\ndef failed(message=\"Please, reload the task and try again.\", name=None):\n    \"\"\" Reports failure \"\"\"\n    if not name:\n        name = sys._getframe().f_back.f_code.co_name\n    print(\"#educational_plugin \" + name + \" FAILED + \" + message)\n\n\ndef passed(name=None):\n    \"\"\" Reports success \"\"\"\n    if not name:\n        name = sys._getframe().f_back.f_code.co_name\n    print(\"#educational_plugin \" + name + \" test OK\")\n\n\ndef get_answer_placeholders():\n    \"\"\"\n        Returns all answer placeholders text\n    \"\"\"\n    prefix = \"#educational_plugin_window = \"\n    path = sys.argv[-1]\n    import os\n\n    file_name_without_extension = os.path.splitext(path)[0]\n    windows_path = file_name_without_extension + \"_windows\"\n    windows = []\n    f = open(windows_path, \"r\")\n    window_text = \"\"\n    first = True\n    for line in f.readlines():\n        if line.startswith(prefix):\n            if not first:\n                windows.append(window_text.strip())\n            else:\n                first = False\n            window_text = line[len(prefix):]\n        else:\n            window_text += line\n\n    if window_text:\n        windows.append(window_text.strip())\n\n    f.close()\n    return windows\n\n\ndef check_samples(samples=()):\n    \"\"\"\n      Check script output for all samples. Sample is a two element list, where the first is input and\n      the second is output.\n    \"\"\"\n    for sample in samples:\n        if len(sample) == 2:\n            output = get_file_output(arg_string=str(sample[0]))\n            if \"\\n\".join(output) != sample[1]:\n                failed(\n                    \"Test from samples failed: \\n \\n\"\n                    \"Input:\\n{}\"\n                    \"\\n \\n\"\n                    \"Expected:\\n{}\"\n                    \"\\n \\n\"\n                    \"Your result:\\n{}\".format(str.strip(sample[0]), str.strip(sample[1]), \"\\n\".join(output)))\n                return\n        set_congratulation_message(\"All test from samples passed. Now we are checking your solution on Stepik server.\")\n\n    passed()\n\n\ndef run_common_tests(error_text=\"Please, reload file and try again\"):\n    test_is_not_empty()\n    test_answer_placeholders_text_deleted()\n    test_file_importable()\n"
    }
  ],
  "version" : 11
}