{
  "summary": "Variables, types et operateurs",
  "title": "semaine_2_HEG",
  "programming_language": "Python 3.6",
  "language": "en",
  "items": [
    {
      "id": 0,
      "update_date": "Jan 1, 1970 1:00:00 AM",
      "title": "variables",
      "task_list": [
        {
          "name": "definition",
          "stepic_id": 0,
          "task_files": {
            "task.py": {
              "name": "task.py",
              "text": "\"\"\" definition de variables\ndonnées: l\u0027année d\u0027entrée year1 et year2\nrésultat: affiche les valeurs de variables et une message de bienvenue\n\"\"\"\n\n### déclaration et initilisation de variables\nyear1: int \u003d 2019\nyear2: int \u003d 2020\ngreetings: str \u003d \"greetings\"\n\n### sequence d\u0027opérations\nprint(\"year 1 \u003d \" + str(year1))     # Nous expliquerons l\u0027expression str(year1) plus tard dans le cours\n                                    # Pour l\u0027instant, elle est utilisée pour convertir la variable \"year1\"\n                                    # en chaîne de caractères\nprint(\"year 2 \u003d \" + str(year2))\nprint(\"greetings \u003d \" + greetings)\n\ngreetings \u003d new value\nprint(greetings + \" l\u0027année \" + str(year1) + \"-\" + str(year2))\n",
              "placeholders": []
            }
          },
          "test_files": {
            "tests.py": "from test_helper import run_common_tests, failed, passed, import_task_file, get_answer_placeholders\n\n\ndef test_task_window():\n    window \u003d get_answer_placeholders()[0]\n    if \"new value\" \u003d\u003d window:\n      failed(\"You should redefine the variable \u0027greetings\u0027\")\n    else:\n      passed()\n\ndef test_value():\n    file \u003d import_task_file()\n\n    if file.greetings \u003d\u003d \"greetings\":\n        failed(\"You should assign a different value to the variable\")\n    else:\n        passed()\n\nif __name__ \u003d\u003d \u0027__main__\u0027:\n    test_task_window()\n    run_common_tests(\"You should redefine the variable \u0027greetings\u0027\")\n    test_value()\n"
          },
          "description_text": "\u003chtml\u003e\nLes variables sont utilisées pour stocker des valeurs afin que nous puissions nous y référer plus tard.\n\n\u003cp\u003eUne variable est comme une étiquette, et vous utilisez le symbole \u0027\u003d\u0027,\n  connu comme l\u0027opérateur d\u0027affectation, pour affecter une valeur à une variable.\u003c/p\u003e\n\n\u003cp\u003eUne affectation peut être chaînée, par exemple year1 \u003d year2 \u003d 2019.\u003c/p\u003e\n\n\u003cp\u003e\u003cb\u003eObjectif\u003c/b\u003e: modifier la valeur stockée dans la variable greetings.\u003c/p\u003e\n\u003cdiv class\u003d\"hint\"\u003e\n  Modifier la valeur de la variable \u003ccode\u003egreetings\u003c/code\u003e.\n\u003c/div\u003e\n\u003c/html\u003e\n",
          "description_format": "html",
          "additional_files": {},
          "update_date": "Jan 1, 1970 1:00:00 AM",
          "feedback_link": {
            "link_type": "STEPIK"
          },
          "task_type": "edu"
        },
        {
          "name": "types",
          "stepic_id": 0,
          "task_files": {
            "task.py": {
              "name": "task.py",
              "text": "\"\"\" types de variables\ndonnées: l\u0027année et deux notes\nrésultat: affiche les types de variables\n\"\"\"\n\n### déclaration et initilisation de variables\nyear: int \u003d 2019\nnote1: float \u003d 5.0\nnote2 \u003d 3.0\n\n### sequence d\u0027opérations\nprint(\"type de la varialbe year :\", type(year))     # affiche le type de la variable \"year\"\nprint(\"type de la varialbe note1 :\", type de note1)\nprint(\"type de la varialbe note2 :\", type de note2)\n",
              "placeholders": []
            }
          },
          "test_files": {
            "tests.py": "from test_helper import run_common_tests, get_answer_placeholders, passed, failed\n\n\ndef test_type_used():\n    window \u003d get_answer_placeholders()[0]\n    if \"type\" in window and \"note1\" in window:\n        passed()\n    else:\n        failed(\"Use the type() function\")\n\ndef test_type_used2():\n    window \u003d get_answer_placeholders()[1]\n    if \"type\" in window and \"note2\" in window:\n        passed()\n    else:\n        failed(\"Use the type() function\")\n\nif __name__ \u003d\u003d \u0027__main__\u0027:\n    run_common_tests()\n    test_type_used()\n    test_type_used2()\n"
          },
          "description_text": "\u003chtml\u003e\nEn Python, il existe deux principaux types de nombres : les nombres entiers (\u003ccode\u003eint\u003c/code\u003e)\net les nombres flottants (\u003ccode\u003efloat\u003c/code\u003e).\n\n\u003cp\u003eLa différence la plus importante entre eux est qu\u0027un \u003ccode\u003efloat\u003c/code\u003e est un nombre qui a un point décimal,\n  et un \u003ccode\u003eint\u003c/code\u003e est un nombre sans point décimal.\n\n\u003cp\u003e\u003cb\u003eObjectif\u003c/b\u003e: déterminer les types des variables \u003ccode\u003enote1\u003c/code\u003e et \u003ccode\u003enote2\u003c/code\u003e.\u003c/p\u003e\n\n\u003cdiv class\u003d\"hint\"\u003e\n  Utiliser la fonction \u003ccode\u003etype()\u003c/code\u003e.\n\u003c/div\u003e\n\u003c/html\u003e\n",
          "description_format": "html",
          "additional_files": {},
          "update_date": "Jan 1, 1970 1:00:00 AM",
          "feedback_link": {
            "link_type": "STEPIK"
          },
          "task_type": "edu"
        },
        {
          "name": "undefined",
          "stepic_id": 0,
          "task_files": {
            "task.py": {
              "name": "task.py",
              "text": "\"\"\" variable non définie\ndonnées: var1 -\u003e une variable initialisée\nrésultat: essaye d\u0027afficher une autre variable\n\"\"\"\n\n### déclaration et initilisation de variables\nvar1: int \u003d 1\n\n### sequence d\u0027opérations\n\nprint(\"var1 :\", var1)\nprint(\"nouvelle variable :\", new var)\n",
              "placeholders": []
            }
          },
          "test_files": {
            "tests.py": "from test_helper import test_is_not_empty, test_answer_placeholders_text_deleted, passed, failed, import_task_file\n\n\ndef test_is_identifier():\n    try:\n        import_task_file()\n    except NameError:\n        passed()\n        return\n    except SyntaxError:\n        failed(\"Used invalid identifier\")\n        return\n    failed(\"Use undefined variable\")\n\n\nif __name__ \u003d\u003d \u0027__main__\u0027:\n    error_text \u003d \"You should type undefined variable here\"\n\n    test_is_not_empty()\n    test_answer_placeholders_text_deleted(error_text)\n    test_is_identifier()\n"
          },
          "description_text": "\u003chtml\u003e\nLes noms de variables ne peuvent contenir que des lettres, des chiffres et/ou le caractère de\nsoulignement (\u003ccode\u003e_\u003c/code\u003e) et ne peuvent pas commencer par un chiffre.\n\n\u003cp\u003e\u003cb\u003eObjectif\u003c/b\u003e: vérifier ce qui se passe si vous utilisez une variable qui n\u0027est pas encore définie.\n  Essayer d\u0027imprimer un nom indéfini.\u003c/p\u003e\n\n\u003cdiv class\u003d\"hint\"\u003e\n  Tapez ici le nom d\u0027une variable non définie.\n  \u003cp\u003eNotez que les noms de variables doivent commencer par une lettre ou \u003ccode\u003e_\u003c/code\u003e et peuvent contenir des lettres, des \u003ccode\u003e_\u003c/code\u003e et/ou des chiffres.\n\u003c/div\u003e\n\u003c/html\u003e\n",
          "description_format": "html",
          "additional_files": {},
          "update_date": "Jan 1, 1970 1:00:00 AM",
          "feedback_link": {
            "link_type": "STEPIK"
          },
          "task_type": "edu"
        },
        {
          "name": "type_cast",
          "stepic_id": 0,
          "task_files": {
            "task.py": {
              "name": "task.py",
              "text": "\"\"\" conversion de type\ndonnées: les variables number et float_number\nrésultat: convertir la valeur de la variable float_number en entier\n\"\"\"\n\n### déclaration et initilisation de variables\nnumber: int \u003d 9\nfloat_number: float \u003d 9.0\n\n### sequence d\u0027opérations\n\nprint(\"type de number :\", type(number))   # print type of variable \"number\"\n\nprint(\"valeur de float_number :\", float_number)\nprint(\"valeur entier de float_number :\", convert float_number to integer)\n",
              "placeholders": []
            }
          },
          "test_files": {
            "tests.py": "from test_helper import run_common_tests, get_answer_placeholders, passed, failed\n\n\ndef test_window():\n    window \u003d get_answer_placeholders()[0]\n    if \"int\" in window and \"float_number\" in window:\n        passed()\n    else:\n        failed(\"Use the int() function\")\n\nif __name__ \u003d\u003d \u0027__main__\u0027:\n    run_common_tests()\n    test_window()\n"
          },
          "description_text": "\u003chtml\u003e\nPlusieurs fonctions intégrées dans les langages de programmation vous permettent de\nconvertir un type de données en un autre.\n\u003cp\u003eCes fonctions retournent un nouvel objet représentant la valeur convertie.\u003c/p\u003e\n\n\u003cul\u003e\u003ccode\u003eint(x)\u003c/code\u003e convertit \u003ccode\u003ex\u003c/code\u003e en entier.\u003c/ul\u003e\n\u003cul\u003e\u003ccode\u003efloat(x)\u003c/code\u003e convertit \u003ccode\u003ex\u003c/code\u003e en nombre à virgule flottante.\u003c/ul\u003e\n\u003cul\u003e\u003ccode\u003estr(x)\u003c/code\u003e convertit l\u0027objet \u003ccode\u003ex\u003c/code\u003e en une représentation en chaîne de caractères.\u003c/ul\u003e\n\n\n\u003cb\u003eObjectif\u003c/b\u003e: convertir \u003ccode\u003efloat_number\u003c/code\u003e en entier.\n\u003cdiv class\u003d\"hint\"\u003e\n  Utilisez la fonction \u003ccode\u003eint()\u003c/code\u003e.\n\u003c/div\u003e\n\u003c/html\u003e\n",
          "description_format": "html",
          "additional_files": {},
          "update_date": "Jan 1, 1970 1:00:00 AM",
          "feedback_link": {
            "link_type": "STEPIK"
          },
          "task_type": "edu"
        }
      ],
      "type": "lesson"
    },
    {
      "id": 0,
      "update_date": "Jan 1, 1970 1:00:00 AM",
      "title": "operations",
      "task_list": [
        {
          "name": "arithmetic",
          "stepic_id": 0,
          "task_files": {
            "task.py": {
              "name": "task.py",
              "text": "\"\"\" opérations arithmetique\ndonnées: number -\u003e int\nrésultat: affiche le résultat de la division par 2 et le reste de la division (modulo)\n\"\"\"\n\n### déclaration et initilisation de variables\nnumber: float \u003d 9\n\n### sequence d\u0027opérations\nresultat: float \u003d diviser \u0027number\u0027 par deux\n\nreste: int \u003d calculer le reste\n\nprint(\"resultat \u003d \" + str(resultat))\nprint(\"reste \u003d \" + str(reste))\n",
              "placeholders": []
            }
          },
          "test_files": {
            "tests.py": "from test_helper import run_common_tests, passed, failed, import_task_file, get_answer_placeholders\n\n\ndef test_division():\n    file \u003d import_task_file()\n    if file.resultat \u003d\u003d 4.5:\n        passed()\n    else:\n        failed(\"Wrong result\")\n\n\ndef test_remainder():\n    file \u003d import_task_file()\n    if file.reste \u003d\u003d 1.0:\n        passed()\n    else:\n        failed(\"Wrong remainder\")\n\n\ndef test_windows():\n    windows \u003d get_answer_placeholders()\n    if not \"/\" in windows[0]:\n        failed(\"Use / operator\")\n        return\n    if not \"%\" in windows[1]:\n        failed(\"Use % operator\")\n        return\n    if \"number\" in windows[0] and \"number\" in windows[1]:\n        passed()\n    else:\n        failed(\"Use the value stored in the variable \\\"number\\\"\")\n\n\nif __name__ \u003d\u003d \u0027__main__\u0027:\n    run_common_tests(\"Use / and % operators\")\n    test_windows()\n    test_division()\n    test_remainder()\n"
          },
          "description_text": "\u003chtml\u003e\nComme pour tout autre langage de programmation, les opérateurs d\u0027addition (\u003ccode\u003e+\u003c/code\u003e),\nde soustraction (\u003ccode\u003e-\u003c/code\u003e), de multiplication (\u003ccode\u003e*\u003c/code\u003e) et de division (\u003ccode\u003e/\u003c/code\u003e)\npeuvent être utilisés avec les nombres.\n\n\u003cp\u003eDe plus, Python a les opérateurs (\u003ccode\u003e**\u003c/code\u003e) pour calculer la puissance\n  et (\u003ccode\u003e%\u003c/code\u003e) pour calculer le modulo (c.-t.-d., le reste entier de la division).\u003c/p\u003e\n\n\u003cp\u003e\u003cb\u003eObjectif\u003c/b\u003e: diviser la valeur stockée dans la variable \u003ccode\u003enumber\u003c/code\u003e par 2,\n  puis calculer le reste.\u003c/p\u003e\n\u003cdiv class\u003d\"hint\"\u003e\n  Utilisez l\u0027opérateur /.\n\u003c/div\u003e\n\u003cdiv class\u003d\"hint\"\u003e\n  Utilisez l\u0027opérateur %.\n\u003c/div\u003e\n\u003c/html\u003e\n",
          "description_format": "html",
          "additional_files": {},
          "update_date": "Jan 1, 1970 1:00:00 AM",
          "feedback_link": {
            "link_type": "STEPIK"
          },
          "task_type": "edu"
        },
        {
          "name": "assignment",
          "stepic_id": 0,
          "task_files": {
            "task.py": {
              "name": "task.py",
              "text": "\"\"\" affectation augmentée\ndonnées: number -\u003e float\nrésultat: affiche la valeur de number après 2 opérations d\u0027affections\n\"\"\"\n\n### déclaration et initilisation de variables\nnumber: float \u003d 9.0\n\n### sequence d\u0027opérations\n\nprint(\"number \u003d \" + str(number))\n\nnumber -\u003d 2\nprint(\"number \u003d \" + str(number))\n\nnumber operator 5\n\nprint(\"number \u003d \" + str(number))\n",
              "placeholders": []
            }
          },
          "test_files": {
            "tests.py": "from test_helper import run_common_tests, passed, failed, import_task_file, get_answer_placeholders\n\n\ndef test_value():\n    file \u003d import_task_file()\n    if file.number \u003d\u003d 12.0:\n        passed()\n    else:\n        failed(\"Use +\u003d operator\")\n\n\ndef test_window():\n    window \u003d get_answer_placeholders()[0]\n    if \"+\u003d\" in window:\n        passed()\n    else:\n        failed(\"Use +\u003d operator\")\n\n\nif __name__ \u003d\u003d \u0027__main__\u0027:\n    run_common_tests(\"You should modify the file\")\n    test_value()\n    test_window()\n"
          },
          "description_text": "\u003chtml\u003e\nL\u0027affectation augmentée est une instruction unique combinant une opération binaire et\nune instruction d\u0027affectation telle que \u003ccode\u003e+\u003d\u003c/code\u003e, \u003ccode\u003e-\u003d\u003c/code\u003e, etc.\n\n\u003cp\u003e\u003cb\u003eObjectif:\u003c/b\u003e utiliser une affectation augmentée pour ajouter 5 à la variable \u003ccode\u003enumber\u003c/code\u003e\n  et la mettre à jour.\u003c/p\u003e\n\u003cdiv class\u003d\"hint\"\u003e\n  Utiliser l\u0027opérateur \u003ccode\u003e+\u003d\u003c/code\u003e.\n\u003c/div\u003e\n\u003c/html\u003e\n",
          "description_format": "html",
          "additional_files": {},
          "update_date": "Jan 1, 1970 1:00:00 AM",
          "feedback_link": {
            "link_type": "STEPIK"
          },
          "task_type": "edu"
        },
        {
          "name": "boolean",
          "stepic_id": 0,
          "task_files": {
            "task.py": {
              "name": "task.py",
              "text": "\"\"\" opérations booléennes\ndonnées: deux entiers\nrésultat: affiche True s\u0027ils sont égaux ou False dans le cas contraire\n\"\"\"\n\n### déclaration et initilisation de variables\nvar1: int \u003d 2\nvar2: int \u003d 3\n\n### séquence d\u0027opérations\nis_equal: bool \u003d var1 operator var2\n\nprint(\"var1 egal a var2 :\", is_equal)\n",
              "placeholders": []
            }
          },
          "test_files": {
            "tests.py": "from test_helper import run_common_tests, failed, passed, import_task_file, get_answer_placeholders\n\n\ndef test_value():\n    file \u003d import_task_file()\n    if not file.is_equal:\n        passed()\n    else:\n        failed(\"Use \u003d\u003d operator\")\n\n\ndef test_window():\n    window \u003d get_answer_placeholders()[0]\n    if \"\u003d\u003d\" in window:\n        passed()\n    else:\n        failed(\"Use \u003d\u003d operator\")\n\n\n\nif __name__ \u003d\u003d \u0027__main__\u0027:\n    run_common_tests(\"You should modify the file\")\n\n    test_value()\n    test_window()\n"
          },
          "description_text": "\u003chtml\u003e\nLe booléen est un type de valeur qui ne peut être que Vrai (\u003ccode\u003eTrue\u003c/code\u003e) ou Faux (\u003ccode\u003eFalse\u003c/code\u003e).\n\n\u003cp\u003eL\u0027opérateur \u003ccode\u003e\u003d\u003d\u003c/code\u003e (égalité) vérifie si les deux variables comparées sont égales.\u003c/p\u003e\n\n\u003cp\u003e\u003cb\u003eObjectif:\u003c/b\u003e vérifier si la variable \u003ccode\u003evar1\u003c/code\u003e est égale à \u003ccode\u003evar2\u003c/code\u003e.\u003c/p\u003e\n\u003cdiv class\u003d\"hint\"\u003e\n  Utiliser l\u0027opérateur \u003ccode\u003e\u003d\u003d\u003c/code\u003e.\n\u003c/div\u003e\n\u003c/html\u003e\n",
          "description_format": "html",
          "additional_files": {},
          "update_date": "Jan 1, 1970 1:00:00 AM",
          "feedback_link": {
            "link_type": "STEPIK"
          },
          "task_type": "edu"
        },
        {
          "name": "comparison",
          "stepic_id": 0,
          "task_files": {
            "task.py": {
              "name": "task.py",
              "text": "\"\"\" opérations booléennes\ndonnées: deux entiers\nrésultat: affiche True s\u0027ils sont égaux ou False dans le cas contraire\n\"\"\"\n\n### déclaration et initilisation de variables\nvar1: int \u003d 10\nvar2: int \u003d 5\n\n### séquence d\u0027opérations\nis_greater: bool \u003d var1 operator var2\n\nprint(\"var1 plus grand que var2 :\", is_greater)\n",
              "placeholders": []
            }
          },
          "test_files": {
            "tests.py": "from test_helper import run_common_tests, passed, failed, import_task_file, get_answer_placeholders\n\n\ndef test_value():\n    file \u003d import_task_file()\n    if file.is_greater:\n        passed()\n    else:\n        failed(\"Use \u003e operator\")\n\n\ndef test_window():\n    window \u003d get_answer_placeholders()[0]\n    if \"\u003e\" in window and \"\u003e\u003d\" not in window:\n        passed()\n    else:\n        failed(\"Use \u003e operator\")\n\nif __name__ \u003d\u003d \u0027__main__\u0027:\n    run_common_tests(\"You should modify the file\")\n    test_value()\n    test_window()\n"
          },
          "description_text": "\u003chtml\u003e\nPython a de nombreux types d\u0027opérateurs de comparaison dont\n\u003ccode\u003e\u003d\u003d\u003c/code\u003e, \u003ccode\u003e\u003c\u003d\u003c/code\u003e, \u003ccode\u003e\u003d\u003e\u003c/code\u003e, \u003ccode\u003e\u003c\u003c/code\u003e, \u003ccode\u003e\u003e\u003c/code\u003e, etc.\n\n\u003cp\u003eToutes les opérations de comparaison en Python ont la même priorité.\u003c/p\u003e\n\n\u003cp\u003eLes comparaisons donnent des valeurs booléennes : \u003ccode\u003eTrue\u003c/code\u003e ou \u003ccode\u003eFalse\u003c/code\u003e.\u003c/p\u003e\n\n\u003cp\u003eLes comparaisons peuvent être enchaînées arbitrairement.\u003c/p\u003e\n\n\u003cp\u003e\u003cb\u003eObjectif:\u003c/b\u003e vérifiez si la valeur de la variable \u003ccode\u003evar1\u003c/code\u003e est strictement supérieure\n  à la valeur de la variable \u003ccode\u003evar2\u003c/code\u003e.\u003c/p\u003e\n\u003cdiv class\u003d\"hint\"\u003e\n  Utiliser l\u0027opérateur \u003ccode\u003e\u003e\u003c/code\u003e.\n\u003c/div\u003e\n\u003c/html\u003e\n",
          "description_format": "html",
          "additional_files": {},
          "update_date": "Jan 1, 1970 1:00:00 AM",
          "feedback_link": {
            "link_type": "STEPIK"
          },
          "task_type": "edu"
        },
        {
          "name": "algo_cercle",
          "stepic_id": 0,
          "task_files": {
            "task.py": {
              "name": "task.py",
              "text": "\"\"\" calcul cercle\ndonnées: rayon\nrésultat: affiche la surface et le périmètre d\u0027un cercle\n\"\"\"\n\n### déclaration et initilisation de variables\n\nsurface: float\nperimetre: float\n\n\n\n### séquence d\u0027opérations\n### à coder ###\n\n\n\n\n\n\n\n\n\n### fin code ###\n\nprint(\"surface:\", valeur surface)\nprint(\"périmètre:\", valeur perimetre)\n",
              "placeholders": []
            }
          },
          "test_files": {
            "tests.py": "from test_helper import run_common_tests, passed, failed, import_task_file, get_answer_placeholders\n\n\ndef test_surface():\n    file \u003d import_task_file()\n    PI \u003d 3.1415927\n    if file.surface \u003d\u003d PI*file.rayon**2:\n        passed()\n    else:\n        failed(\"Wrong result\")\n\n\ndef test_perimetre():\n    file \u003d import_task_file()\n    PI \u003d 3.1415927\n    if file.perimetre \u003d\u003d 2*PI*file.rayon:\n        passed()\n    else:\n        failed(\"Wrong remainder\")\n\n\nif __name__ \u003d\u003d \u0027__main__\u0027:\n    run_common_tests(\"Use variable and operators\")\n    test_surface()\n    test_perimetre()\n"
          },
          "description_text": "\u003chtml\u003e\nEn sachant qui la \u003ccode\u003esurface\u003c/code\u003e d\u0027un cercle est donnée par l\u0027équation\n\u003cul\u003e\u003ccode\u003esurface \u003d \u0026pi; r\u003csup\u003e2\u003c/sup\u003e\u003c/code\u003e\u003c/ul\u003e\net que le \u003ccode\u003epérimètre\u003c/code\u003e est donné par l\u0027équation\n\u003cul\u003e\u003ccode\u003eperimetre \u003d 2\u0026pi; r\u003c/code\u003e\u003c/ul\u003e\n\n ou \u003ccode\u003er\u003c/code\u003e est le rayon du cercle et \u003ccode\u003e\u0026pi; \u003d 3,1415927\u003c/code\u003e\u003c/ul\u003e.\n\n\u003cp\u003e\u003cb\u003eObjectif:\u003c/b\u003e créer un algorithme pour calculer la surface et le perimetre d\u0027un cercle de \u003ccode\u003erayon\u003c/code\u003e 5.\n    Utilizer une variable de nom \u003ccode\u003erayon\u003c/code\u003e pour stocker la valeur du rayon.\n\u003cdiv class\u003d\"hint\"\u003e\n  Hints can be added anywhere in task text: type \"hint\" and press Tab.\n\u003c/div\u003e\n\u003c/html\u003e\n",
          "description_format": "html",
          "additional_files": {},
          "update_date": "Jan 1, 1970 1:00:00 AM",
          "feedback_link": {
            "link_type": "STEPIK"
          },
          "task_type": "edu"
        }
      ],
      "type": "lesson"
    },
    {
      "id": 0,
      "update_date": "Jan 1, 1970 1:00:00 AM",
      "title": "Edu additional materials",
      "task_list": [
        {
          "name": "Edu additional materials",
          "stepic_id": 0,
          "task_files": {},
          "test_files": {},
          "description_format": "html",
          "additional_files": {
            "test_helper.py": "import sys\n\n\ndef get_file_text(path):\n    \"\"\" Returns file text by path\"\"\"\n    file_io \u003d open(path, \"r\")\n    text \u003d file_io.read()\n    file_io.close()\n    return text\n\n\ndef get_file_output(encoding\u003d\"utf-8\", path\u003dsys.argv[-1], arg_string\u003d\"\"):\n    \"\"\"\n    Returns answer file output\n    :param encoding: to decode output in python3\n    :param path: path of file to execute\n    :return: list of strings\n    \"\"\"\n    import subprocess\n\n    proc \u003d subprocess.Popen([sys.executable, path], stdin\u003dsubprocess.PIPE, stdout\u003dsubprocess.PIPE,\n                            stderr\u003dsubprocess.STDOUT)\n    if arg_string:\n        for arg in arg_string.split(\"\\n\"):\n            proc.stdin.write(bytearray(str(arg) + \"\\n\", encoding))\n            proc.stdin.flush()\n\n    return list(map(lambda x: str(x.decode(encoding)), proc.communicate()[0].splitlines()))\n\n\ndef test_file_importable():\n    \"\"\" Tests there is no obvious syntax errors\"\"\"\n    path \u003d sys.argv[-1]\n    if not path.endswith(\".py\"):\n        import os\n\n        parent \u003d os.path.abspath(os.path.join(path, os.pardir))\n        python_files \u003d [f for f in os.listdir(parent) if os.path.isfile(os.path.join(parent, f)) and f.endswith(\".py\")]\n        for python_file in python_files:\n            if python_file \u003d\u003d \"tests.py\":\n                continue\n            check_importable_path(os.path.join(parent, python_file))\n        return\n    check_importable_path(path)\n\n\ndef check_importable_path(path):\n    \"\"\" Checks that file is importable.\n        Reports failure otherwise.\n    \"\"\"\n    saved_input \u003d patch_input()\n    try:\n        import_file(path)\n    except:\n        failed(\"The file contains syntax errors\", test_file_importable.__name__)\n        return\n    finally:\n        revert_input(saved_input)\n\n    passed(test_file_importable.__name__)\n\n\ndef patch_input():\n    def mock_fun(_m\u003d\"\"):\n        return \"mock\"\n\n    if sys.version_info[0] \u003d\u003d 3:\n        import builtins\n        save_input \u003d builtins.input\n        builtins.input \u003d mock_fun\n        return save_input\n    elif sys.version_info[0] \u003d\u003d 2:\n        import __builtin__\n        save_input \u003d __builtin__.raw_input\n        __builtin__.raw_input \u003d mock_fun\n        __builtin__.input \u003d mock_fun\n        return save_input\n\n\ndef revert_input(saved_input):\n    if sys.version_info[0] \u003d\u003d 3:\n        import builtins\n        builtins.input \u003d saved_input\n    elif sys.version_info[0] \u003d\u003d 2:\n        import __builtin__\n        __builtin__.raw_input \u003d saved_input\n        __builtin__.input \u003d saved_input\n\n\ndef import_file(path):\n    \"\"\" Returns imported file \"\"\"\n    if sys.version_info[0] \u003d\u003d 2 or sys.version_info[1] \u003c 3:\n        import imp\n\n        return imp.load_source(\"tmp\", path)\n    elif sys.version_info[0] \u003d\u003d 3:\n        import importlib.machinery\n\n        return importlib.machinery.SourceFileLoader(\"tmp\", path).load_module(\"tmp\")\n\n\ndef import_task_file():\n    \"\"\" Returns imported file.\n        Imports file from which check action was run\n    \"\"\"\n    path \u003d sys.argv[-1]\n    return import_file(path)\n\n\ndef test_is_not_empty():\n    \"\"\"\n        Checks that file is not empty\n    \"\"\"\n    path \u003d sys.argv[-1]\n    file_text \u003d get_file_text(path)\n\n    if len(file_text) \u003e 0:\n        passed()\n    else:\n        failed(\"The file is empty. Please, reload the task and try again.\")\n\n\ndef test_text_equals(text, error_text):\n    \"\"\"\n        Checks that answer equals text.\n    \"\"\"\n    path \u003d sys.argv[-1]\n    file_text \u003d get_file_text(path)\n\n    if file_text.strip() \u003d\u003d text:\n        passed()\n    else:\n        failed(error_text)\n\n\ndef test_answer_placeholders_text_deleted(error_text\u003d\"Don\u0027t just delete task text\"):\n    \"\"\"\n        Checks that all answer placeholders are not empty\n    \"\"\"\n    windows \u003d get_answer_placeholders()\n\n    for window in windows:\n        if len(window) \u003d\u003d 0:\n            failed(error_text)\n            return\n    passed()\n\n\ndef set_congratulation_message(message):\n    \"\"\" Overrides default \u0027Congratulations!\u0027 message \"\"\"\n    print(\"#educational_plugin CONGRATS_MESSAGE \" + message)\n\n\ndef failed(message\u003d\"Please, reload the task and try again.\", name\u003dNone):\n    \"\"\" Reports failure \"\"\"\n    if not name:\n        name \u003d sys._getframe().f_back.f_code.co_name\n    print(\"#educational_plugin \" + name + \" FAILED + \" + message)\n\n\ndef passed(name\u003dNone):\n    \"\"\" Reports success \"\"\"\n    if not name:\n        name \u003d sys._getframe().f_back.f_code.co_name\n    print(\"#educational_plugin \" + name + \" test OK\")\n\n\ndef get_answer_placeholders():\n    \"\"\"\n        Returns all answer placeholders text\n    \"\"\"\n    prefix \u003d \"#educational_plugin_window \u003d \"\n    path \u003d sys.argv[-1]\n    import os\n\n    file_name_without_extension \u003d os.path.splitext(path)[0]\n    windows_path \u003d file_name_without_extension + \"_windows\"\n    windows \u003d []\n    f \u003d open(windows_path, \"r\")\n    window_text \u003d \"\"\n    first \u003d True\n    for line in f.readlines():\n        if line.startswith(prefix):\n            if not first:\n                windows.append(window_text.strip())\n            else:\n                first \u003d False\n            window_text \u003d line[len(prefix):]\n        else:\n            window_text +\u003d line\n\n    if window_text:\n        windows.append(window_text.strip())\n\n    f.close()\n    return windows\n\n\ndef check_samples(samples\u003d()):\n    \"\"\"\n      Check script output for all samples. Sample is a two element list, where the first is input and\n      the second is output.\n    \"\"\"\n    for sample in samples:\n        if len(sample) \u003d\u003d 2:\n            output \u003d get_file_output(arg_string\u003dstr(sample[0]))\n            if \"\\n\".join(output) !\u003d sample[1]:\n                failed(\n                    \"Test from samples failed: \\n \\n\"\n                    \"Input:\\n{}\"\n                    \"\\n \\n\"\n                    \"Expected:\\n{}\"\n                    \"\\n \\n\"\n                    \"Your result:\\n{}\".format(str.strip(sample[0]), str.strip(sample[1]), \"\\n\".join(output)))\n                return\n        set_congratulation_message(\"All test from samples passed. Now we are checking your solution on Stepik server.\")\n\n    passed()\n\n\ndef run_common_tests(error_text\u003d\"Please, reload file and try again\"):\n    test_is_not_empty()\n    test_answer_placeholders_text_deleted()\n    test_file_importable()\n"
          },
          "update_date": "Jan 1, 1970 1:00:00 AM",
          "feedback_link": {
            "link_type": "STEPIK"
          },
          "task_type": "edu"
        }
      ],
      "type": "lesson"
    }
  ]
}